{
  "ratings": {
    "Miami Heat": 1538.159052079497,
    "Chicago Bulls": 1297.9806032598851,
    "New Orleans Pelicans": 1396.9036524806702,
    "Sacramento Kings": 1332.4275618150593,
    "Cleveland Cavaliers": 1655.8945367534975,
    "Orlando Magic": 1612.1627395693313,
    "Minnesota Timberwolves": 1562.5411596384072,
    "Phoenix Suns": 1560.0727308729554,
    "New York Knicks": 1685.799170996048,
    "Philadelphia 76ers": 1583.5900931469766,
    "Denver Nuggets": 1760.653985987561,
    "Los Angeles Lakers": 1673.8044965201382,
    "Boston Celtics": 1758.0174468168855,
    "LA Clippers": 1508.3771918303064,
    "Dallas Mavericks": 1334.3772860653376,
    "Milwaukee Bucks": 1318.9254788564738,
    "Indiana Pacers": 1310.705605038659,
    "Oklahoma City Thunder": 1739.15032091116,
    "Utah Jazz": 1218.9580615848186,
    "New Zealand Breakers": 1454.6833943602705,
    "Golden State Warriors": 1385.8524882750494,
    "Charlotte Hornets": 1659.1746968220596,
    "Toronto Raptors": 1546.024826004737,
    "Washington Wizards": 1133.4405607823737,
    "Detroit Pistons": 1757.9930052539153,
    "Memphis Grizzlies": 1186.5514614392384,
    "San Antonio Spurs": 1814.538669405486,
    "Houston Rockets": 1625.3006473656658,
    "Atlanta Hawks": 1616.730482264038,
    "Brooklyn Nets": 1216.194505013072,
    "Portland Trail Blazers": 1592.369111757085,
    "Ulm": 1493.6076657948934,
    "Team Chuck": 1488.282739176577,
    "Team Kenny": 1493.108794837077,
    "Team Shaq": 1544.3472943022484,
    "Team Candace": 1494.2611716840975,
    "Melbourne United": 1474.8518081374707,
    "Hapoel Jerusalem": 1457.3928756872322,
    "Melbourne Pnx": 1463.6546740587908,
    "Guangzhou Loong-Lions": 1453.1379533549546,
    "Team Stars": 1550.869354533097,
    "World": 1488.48298141508,
    "Team Stripes": 1475.6476640518229
  },
  "games_played": {
    "Miami Heat": 188,
    "Chicago Bulls": 176,
    "New Orleans Pelicans": 176,
    "Sacramento Kings": 175,
    "Cleveland Cavaliers": 194,
    "Orlando Magic": 186,
    "Minnesota Timberwolves": 207,
    "Phoenix Suns": 179,
    "New York Knicks": 207,
    "Philadelphia 76ers": 181,
    "Denver Nuggets": 201,
    "Los Angeles Lakers": 187,
    "Boston Celtics": 203,
    "LA Clippers": 187,
    "Dallas Mavericks": 196,
    "Milwaukee Bucks": 184,
    "Indiana Pacers": 212,
    "Oklahoma City Thunder": 209,
    "Utah Jazz": 174,
    "New Zealand Breakers": 3,
    "Golden State Warriors": 190,
    "Charlotte Hornets": 176,
    "Toronto Raptors": 176,
    "Washington Wizards": 172,
    "Detroit Pistons": 179,
    "Memphis Grizzlies": 180,
    "San Antonio Spurs": 175,
    "Houston Rockets": 180,
    "Atlanta Hawks": 175,
    "Brooklyn Nets": 172,
    "Portland Trail Blazers": 173,
    "Ulm": 1,
    "Team Chuck": 2,
    "Team Kenny": 1,
    "Team Shaq": 2,
    "Team Candace": 1,
    "Melbourne United": 1,
    "Hapoel Jerusalem": 1,
    "Melbourne Pnx": 1,
    "Guangzhou Loong-Lions": 3,
    "Team Stars": 3,
    "World": 2,
    "Team Stripes": 3
  }
}