{
  "ratings": {
    "Miami Heat": 1561.0938813499724,
    "Chicago Bulls": 1511.827117156146,
    "New Orleans Pelicans": 1384.4840137784183,
    "Sacramento Kings": 1332.813887935806,
    "Cleveland Cavaliers": 1610.5488852925623,
    "Orlando Magic": 1414.2655716689903,
    "Minnesota Timberwolves": 1522.0212705812462,
    "Phoenix Suns": 1612.7396323546263,
    "New York Knicks": 1507.380688913164,
    "Philadelphia 76ers": 1525.0980526575554,
    "Denver Nuggets": 1548.8707425624318,
    "Los Angeles Lakers": 1522.3308093256487,
    "Boston Celtics": 1658.1866935018645,
    "LA Clippers": 1598.7298429499012,
    "Dallas Mavericks": 1485.0481641507483,
    "Milwaukee Bucks": 1438.7205319484706,
    "Indiana Pacers": 1337.0318625516702,
    "Oklahoma City Thunder": 1725.7240771380652,
    "Utah Jazz": 1349.9801951526176,
    "New Zealand Breakers": 1454.6833943602705,
    "Golden State Warriors": 1588.881879287912,
    "Charlotte Hornets": 1596.06929950498,
    "Toronto Raptors": 1605.2050023348402,
    "Washington Wizards": 1277.7106077407389,
    "Detroit Pistons": 1647.8922228612503,
    "Memphis Grizzlies": 1414.9500201765109,
    "San Antonio Spurs": 1617.0105641793728,
    "Houston Rockets": 1627.7402559420295,
    "Atlanta Hawks": 1508.7485376867323,
    "Brooklyn Nets": 1315.2349138928973,
    "Portland Trail Blazers": 1536.3324040292184,
    "Ulm": 1493.6076657948934,
    "Team Chuck": 1488.282739176577,
    "Team Kenny": 1493.108794837077,
    "Team Shaq": 1544.3472943022484,
    "Team Candace": 1494.2611716840975,
    "Melbourne United": 1474.8518081374707,
    "Hapoel Jerusalem": 1457.3928756872322,
    "Melbourne Pnx": 1463.6546740587908,
    "Guangzhou Loong-Lions": 1453.1379533549546
  },
  "games_played": {
    "Miami Heat": 152,
    "Chicago Bulls": 139,
    "New Orleans Pelicans": 142,
    "Sacramento Kings": 140,
    "Cleveland Cavaliers": 158,
    "Orlando Magic": 146,
    "Minnesota Timberwolves": 170,
    "Phoenix Suns": 141,
    "New York Knicks": 169,
    "Philadelphia 76ers": 142,
    "Denver Nuggets": 164,
    "Los Angeles Lakers": 148,
    "Boston Celtics": 166,
    "LA Clippers": 149,
    "Dallas Mavericks": 160,
    "Milwaukee Bucks": 146,
    "Indiana Pacers": 177,
    "Oklahoma City Thunder": 174,
    "Utah Jazz": 138,
    "New Zealand Breakers": 3,
    "Golden State Warriors": 153,
    "Charlotte Hornets": 138,
    "Toronto Raptors": 141,
    "Washington Wizards": 134,
    "Detroit Pistons": 141,
    "Memphis Grizzlies": 141,
    "San Antonio Spurs": 139,
    "Houston Rockets": 140,
    "Atlanta Hawks": 140,
    "Brooklyn Nets": 134,
    "Portland Trail Blazers": 136,
    "Ulm": 1,
    "Team Chuck": 2,
    "Team Kenny": 1,
    "Team Shaq": 2,
    "Team Candace": 1,
    "Melbourne United": 1,
    "Hapoel Jerusalem": 1,
    "Melbourne Pnx": 1,
    "Guangzhou Loong-Lions": 3
  }
}