{
  "n_train": 2842,
  "n_calib": 609,
  "n_test": 609,
  "gbm_raw": {
    "accuracy": 0.6979,
    "log_loss": 0.5875,
    "brier": 0.2001
  },
  "gbm_calibrated": {
    "accuracy": 0.7028,
    "log_loss": 0.6004,
    "brier": 0.2055
  },
  "top_features": [
    [
      "elo_diff",
      0.16880131362889988
    ],
    [
      "a_form_L10",
      0.0072249589490968715
    ],
    [
      "a_efg_L10",
      0.00558292282430215
    ],
    [
      "a_rest",
      0.005254515599343179
    ],
    [
      "h_efg_allowed_L10",
      0.005254515599343179
    ],
    [
      "h2h_home_rate",
      0.004597701149425282
    ],
    [
      "h_rest",
      0.0036124794745484357
    ],
    [
      "h_b2b",
      0.002955665024630538
    ],
    [
      "a_3p_pct_L10",
      0.002955665024630538
    ],
    [
      "h_vs_opp_margin_last3",
      0.0019704433497536923
    ],
    [
      "a_vs_opp_3p_last3",
      0.0016420361247947435
    ],
    [
      "h_momentum_L5",
      0.0009852216748768461
    ],
    [
      "a_drtg_L10",
      0.0003284072249589487
    ],
    [
      "a_b2b",
      0.0
    ],
    [
      "a_efg_allowed_L10",
      0.0
    ]
  ],
  "feature_names": [
    "elo_diff",
    "h_rest",
    "a_rest",
    "h_b2b",
    "a_b2b",
    "h_ortg_L10",
    "a_ortg_L10",
    "h_drtg_L10",
    "a_drtg_L10",
    "h_form_L10",
    "a_form_L10",
    "h2h_home_rate",
    "h_efg_L10",
    "a_efg_L10",
    "h_3p_pct_L10",
    "a_3p_pct_L10",
    "h_3pa_L10",
    "a_3pa_L10",
    "h_efg_allowed_L10",
    "a_efg_allowed_L10",
    "h_vs_opp_efg_last3",
    "a_vs_opp_efg_last3",
    "h_vs_opp_3p_last3",
    "a_vs_opp_3p_last3",
    "h_vs_opp_margin_last3",
    "h_momentum_L5",
    "a_momentum_L5",
    "is_playoff",
    "is_playin",
    "is_preseason"
  ]
}